bayId,occupiedRate
567,0.6611111111111111
568,0.20277777777777778
569,0.11944444444444445
570,0.28888888888888886
571,0.48333333333333334
572,0.37222222222222223
574,0.20277777777777778
576,0
577,0.20277777777777778
578,0.28888888888888886
579,0
580,0.20555555555555555
581,0.25277777777777777
582,0.08611111111111111
583,0.11944444444444445
584,0.28888888888888886
585,0.28888888888888886
586,0.16666666666666666
587,0.20277777777777778
588,0.48055555555555557
589,0
590,0.16666666666666666
591,0.25277777777777777
592,0.8305555555555556
593,0.11944444444444445
594,0.2861111111111111
595,0.03611111111111111
596,0.16666666666666666
597,0.5138888888888888
598,0.20277777777777778
600,0.37222222222222223
602,0.20277777777777778
603,0.22777777777777777
604,0.5416666666666666
605,0.5638888888888889
606,0.4861111111111111
607,0.37222222222222223
609,0.4305555555555556
610,0.3472222222222222
611,0.20277777777777778
612,0.17777777777777778
615,0.28888888888888886
616,0.8305555555555556
618,0.14166666666666666
619,0.2916666666666667
620,0.20277777777777778
621,0.9166666666666666
622,0.37222222222222223
623,0.28888888888888886
624,0.20555555555555555
625,0.45555555555555555
626,0.28888888888888886
627,0.28888888888888886
628,0.20277777777777778
629,0.28888888888888886
630,0.28888888888888886
631,0.11944444444444445
632,0.20277777777777778
633,0.20277777777777778
634,0.11944444444444445
635,0.9138888888888889
639,1
640,0.45555555555555555
641,0.37222222222222223
642,0.28888888888888886
643,0.4305555555555556
645,0.28888888888888886
646,0.28888888888888886
647,0.3472222222222222
649,0.20277777777777778
650,0.28888888888888886
651,0.20277777777777778
652,0.37222222222222223
653,0.16666666666666666
654,0.3472222222222222
655,0.4305555555555556
656,0.20277777777777778
657,0.20277777777777778
659,0.45555555555555555
661,0.03611111111111111
662,0.16666666666666666
673,0.28888888888888886
674,0.4666666666666667
675,0.11944444444444445
676,0.03611111111111111
682,0.28888888888888886
683,0.4
684,0.11944444444444445
685,0.23333333333333334
686,0.11944444444444445
687,0.28888888888888886
688,0.8333333333333334
696,0.11944444444444445
697,0.31666666666666665
698,0.5805555555555556
699,0.11944444444444445
701,0.2861111111111111
702,0.20277777777777778
710,0
712,0.058333333333333334
713,0.4305555555555556
714,0.11944444444444445
715,0.11944444444444445
716,0.11388888888888889
718,0.46111111111111114
719,0.20555555555555555
720,0.2638888888888889
721,0.03611111111111111
722,0.11944444444444445
723,0.11944444444444445
724,0.03611111111111111
725,0.03611111111111111
726,0.03611111111111111
735,0.058333333333333334
736,0.30833333333333335
738,0.4305555555555556
741,0.28888888888888886
742,0.28888888888888886
743,1
744,0.28888888888888886
745,0.20277777777777778
746,0.2861111111111111
747,0.7722222222222223
748,0.28888888888888886
749,0.34444444444444444
750,0.2611111111111111
751,0.20277777777777778
752,0.16666666666666666
753,0.28888888888888886
754,0.6833333333333333
755,0.5916666666666667
756,0.7083333333333334
757,0.5138888888888888
758,0.8305555555555556
759,0.37222222222222223
760,0.2611111111111111
763,0.9166666666666666
764,0.28888888888888886
765,0.33611111111111114
766,0.5694444444444444
767,0.4027777777777778
768,0.34444444444444444
769,0.28888888888888886
770,0.08611111111111111
771,0.28888888888888886
772,0.25277777777777777
773,0.2611111111111111
774,0.2861111111111111
775,0.03611111111111111
776,0.4583333333333333
790,0.5138888888888888
791,0.2861111111111111
792,0.16944444444444445
796,0.5138888888888888
798,1
799,0.5444444444444444
800,0.11944444444444445
801,0.7944444444444444
802,0.4305555555555556
803,0.2861111111111111
804,0.2861111111111111
805,0.30833333333333335
806,0.11944444444444445
807,0.25
808,0.7472222222222222
809,0.3638888888888889
810,0.45555555555555555
811,0.17777777777777778
812,0
813,0.08333333333333333
814,0.11944444444444445
815,0.2861111111111111
822,0.6361111111111111
823,0.14166666666666666
824,0.2611111111111111
825,0.11944444444444445
826,0.20277777777777778
827,0.37222222222222223
828,0.28888888888888886
829,0.11944444444444445
830,0.20555555555555555
831,0.8305555555555556
832,0.20277777777777778
833,0.28888888888888886
834,0.17777777777777778
835,0.33611111111111114
836,0.28888888888888886
840,0.2861111111111111
841,0.28888888888888886
843,0
844,0.20277777777777778
845,0.11944444444444445
846,0.20277777777777778
847,0.20277777777777778
848,0.3333333333333333
849,0.08333333333333333
850,0.08333333333333333
857,0
858,0.20277777777777778
862,0.9166666666666666
864,0.17777777777777778
865,0.37222222222222223
866,0.33611111111111114
867,0.11388888888888889
868,0.11944444444444445
869,0.20277777777777778
870,0.6
872,0.11944444444444445
873,0.058333333333333334
874,0.14722222222222223
875,0.4305555555555556
876,0.5972222222222222
877,0.5388888888888889
878,0.20277777777777778
881,0.43333333333333335
882,1
883,0.4222222222222222
884,0.03611111111111111
885,0.18055555555555555
886,0.6305555555555555
888,0.5722222222222222
909,0
910,0.11944444444444445
911,0.2861111111111111
912,0.31666666666666665
913,0.11944444444444445
914,0.20277777777777778
915,0.34444444444444444
916,0.20277777777777778
917,1
918,0.11944444444444445
919,0.20555555555555555
920,0.31666666666666665
921,0.37222222222222223
927,0.2861111111111111
928,0.7194444444444444
929,0.28888888888888886
930,0.5138888888888888
932,0.6277777777777778
933,0.37222222222222223
934,0.14166666666666666
935,0.6277777777777778
936,0.9166666666666666
937,0.3472222222222222
938,0.4305555555555556
940,0.6
941,0.4666666666666667
942,0.37777777777777777
943,0.7111111111111111
944,0.2638888888888889
945,0.5083333333333333
946,0.37777777777777777
947,0.37222222222222223
948,0.6555555555555556
949,0.4583333333333333
950,0.375
951,0.17777777777777778
952,0.4638888888888889
953,0.2916666666666667
954,0.8305555555555556
956,0.375
957,0.18055555555555555
958,0.5416666666666666
974,0
980,0.4222222222222222
981,0.22777777777777777
982,0.8805555555555555
983,0
984,0
985,0
986,0
1005,0.8805555555555555
1006,0.09444444444444444
1007,0
1009,0.16944444444444445
1011,0.3472222222222222
1012,0
1013,0.5694444444444444
1014,0.6341463414634146
1015,0.45555555555555555
1017,0.14166666666666666
1018,0.28888888888888886
1019,0.37222222222222223
1022,0.20277777777777778
1023,0.225
1024,0.325
1025,0.41944444444444445
1026,0.058333333333333334
1027,0.20555555555555555
1028,0.33611111111111114
1029,0.37222222222222223
1030,0.6638888888888889
1031,0
1032,0.8305555555555556
1033,0
1034,0.20277777777777778
1035,0.20277777777777778
1036,0.43333333333333335
1037,0.20555555555555555
1038,0.09166666666666666
1039,0.7111111111111111
1040,0.17777777777777778
1041,0.14166666666666666
1053,0.5416666666666666
1054,1
1055,0.5444444444444444
1056,0.8305555555555556
1057,0.45
1058,0.11944444444444445
1059,0.6555555555555556
1060,0.14166666666666666
1061,0.31666666666666665
1062,0.17777777777777778
1064,0.475
1065,0.3111111111111111
1066,0.225
1067,0.4027777777777778
1068,0.39444444444444443
1069,0.5527777777777778
1070,0.16666666666666666
1071,0.3472222222222222
1072,0.23333333333333334
1073,0.08333333333333333
1087,0.8805555555555555
1088,0.20277777777777778
1089,0.17777777777777778
1090,0.08333333333333333
1091,0.4777777777777778
1092,0.058333333333333334
1093,0.3388888888888889
1094,0.11944444444444445
1095,0.3472222222222222
1096,0.28888888888888886
1097,0.2611111111111111
1098,0.20277777777777778
1099,0.058333333333333334
1100,0.9416666666666667
1101,0.11944444444444445
1102,0.08333333333333333
1103,0.3333333333333333
1104,0.25277777777777777
1105,0.2611111111111111
1106,0.058333333333333334
1107,0.5487804878048781
1108,0.23055555555555557
1109,0.4305555555555556
1110,0.16666666666666666
1111,0
1113,0.45555555555555555
1114,0.5916666666666667
1115,0.3472222222222222
1116,0.19444444444444445
1117,0.2611111111111111
1118,0.058333333333333334
1119,0.8277777777777777
1120,0.4222222222222222
1121,0.4777777777777778
1122,0.08611111111111111
1123,0.09444444444444444
1124,0
1125,0.9138888888888889
1126,0.08333333333333333
1127,0.058333333333333334
1128,0.37222222222222223
1129,0.17777777777777778
1130,0.225
1134,0.8333333333333334
1137,0.058333333333333334
1138,0.08333333333333333
1139,0.16666666666666666
1140,0.3472222222222222
1141,0.8805555555555555
1142,0.18292682926829268
1143,0.11944444444444445
1144,0.08333333333333333
1145,0.19444444444444445
1146,0.6277777777777778
1147,0.375
1148,0.03611111111111111
1149,0.058333333333333334
1150,0.34444444444444444
1151,0.20277777777777778
1152,0.5388888888888889
1153,0.25277777777777777
1154,0.2611111111111111
1155,0.28055555555555556
1156,0.9138888888888889
1157,0.5444444444444444
1158,0.2611111111111111
1159,0.20277777777777778
1160,0.2611111111111111
1161,0
1162,0
1163,0.7388888888888889
1164,0.20277777777777778
1171,0.36666666666666664
1172,0.16666666666666666
1173,0.5166666666666667
1174,0.3472222222222222
1175,0.08333333333333333
1176,0.14166666666666666
1177,0.5416666666666666
1178,0.19722222222222222
1179,0.4305555555555556
1180,0.058333333333333334
1181,0.5111111111111111
1182,0.14444444444444443
1183,0.4583333333333333
1184,0.7444444444444445
1185,0.48055555555555557
1186,0.41944444444444445
1187,0.8805555555555555
1188,0.5138888888888888
1189,0
1190,0.09166666666666666
1191,0.058333333333333334
1192,0.2388888888888889
1194,0.5416666666666666
1196,0.058333333333333334
1197,0.5416666666666666
1198,0.058333333333333334
1199,0.34444444444444444
1201,0
1204,0.5416666666666666
1206,0.09444444444444444
1209,0
1232,0
1235,0.4305555555555556
1236,0
1237,0
1238,0.058333333333333334
1239,0
1240,0.33611111111111114
1241,0.4305555555555556
1242,0.16944444444444445
1243,0
1244,0.03611111111111111
1245,0.4305555555555556
1246,0.25277777777777777
1247,0.2916666666666667
1248,0.14444444444444443
1249,0.058333333333333334
1250,0.14444444444444443
1251,0.08333333333333333
1252,0.5416666666666666
1253,0.375
1254,0.058333333333333334
1255,0.7972222222222223
1256,0.22777777777777777
1257,0.8305555555555556
1258,0.5416666666666666
1259,0.08333333333333333
1260,0
1264,0
1266,0
1270,0
1276,0
1297,0
1300,0
1304,0.20277777777777778
1305,0.20277777777777778
1306,0.4583333333333333
1307,0
1315,0.14444444444444443
1316,0.058333333333333334
1318,0.16666666666666666
1319,0.4583333333333333
1320,0.33611111111111114
1321,0
1322,0
1323,0
1324,0.22777777777777777
1325,0.2611111111111111
1326,0.45555555555555555
1327,0.225
1328,0
1329,0.325
1330,0.49166666666666664
1332,0.5222222222222223
1334,0.7444444444444445
1335,0.5611111111111111
1337,0.058333333333333334
1339,0.20277777777777778
1340,0.9638888888888889
1341,0.37222222222222223
1342,0.09444444444444444
1344,0.33611111111111114
1348,0.28888888888888886
1349,0.28888888888888886
1350,0
1351,0
1352,0.22777777777777777
1353,0.17777777777777778
1354,0.25277777777777777
1356,0.5548780487804879
1358,0
1359,0
1367,0.22777777777777777
1368,0.9416666666666667
1369,0.08333333333333333
1370,0.19722222222222222
1398,0
1399,0.09444444444444444
1400,0
1407,0.16944444444444445
1427,0.45555555555555555
1429,0.17777777777777778
1430,0
1431,0
1451,0.22777777777777777
1452,0.11944444444444445
1453,0.75
1454,0.25277777777777777
1456,0.9166666666666666
1457,0.20277777777777778
1458,1
1459,0.6277777777777778
1460,0.8305555555555556
1470,0.3416666666666667
1471,0.29444444444444445
1474,0.9416666666666667
1475,0.058333333333333334
1495,0
1496,0.03611111111111111
1501,0
1503,1
1504,0.3527777777777778
1526,0.6
1528,0.4
1530,0.7111111111111111
1531,0.12222222222222222
1532,0.16944444444444445
1533,0.3111111111111111
1534,0.9166666666666666
1535,0.03611111111111111
1536,0.5333333333333333
1537,0.3333333333333333
1538,0.16666666666666666
1539,0.8055555555555556
1540,0.20277777777777778
1541,0.5138888888888888
1542,0.3111111111111111
1544,0.5138888888888888
1586,0.3472222222222222
1587,0.49166666666666664
1588,0.5138888888888888
1589,0
1590,0.3638888888888889
1591,0.17777777777777778
1592,0.16944444444444445
1593,0.11944444444444445
1594,0.45555555555555555
1595,0.7444444444444445
1597,0
1599,0.3111111111111111
1615,0.11944444444444445
1647,1
1648,0.39166666666666666
1649,0.45
1651,0.4861111111111111
1652,0.5333333333333333
1653,0.3333333333333333
1655,0.11944444444444445
1658,0.4861111111111111
1659,1
1674,0.25277777777777777
1678,0.37222222222222223
1682,0.7194444444444444
1683,0
1684,0.3111111111111111
1685,0
1686,1
1687,0.17777777777777778
1688,1
1689,0.28888888888888886
1690,0.37222222222222223
1691,0.45555555555555555
1693,0.17777777777777778
1696,0.03611111111111111
1697,0.2638888888888889
1702,0.11944444444444445
1704,1
1705,0.5138888888888888
1706,0
1728,0.5694444444444444
1729,0.8305555555555556
1730,0.5416666666666666
1731,0.3472222222222222
1732,0.03611111111111111
1733,0.9166666666666666
1734,0.20277777777777778
1735,0.34444444444444444
1737,0.37222222222222223
1739,0.8305555555555556
1740,0.36944444444444446
1741,0.16666666666666666
1745,0.3472222222222222
1747,0.7388888888888889
1753,0.6
1755,0.6916666666666667
1757,0.20277777777777778
1759,0.7722222222222223
1761,0.4305555555555556
1762,0.11944444444444445
1763,1
1764,0.43333333333333335
1765,0.4305555555555556
1766,0.20277777777777778
1767,0.3472222222222222
1768,0
1769,0.03611111111111111
1770,0.08333333333333333
1771,0.058333333333333334
1772,0.17777777777777778
1775,0.2638888888888889
1789,0
1793,0
1801,1
1832,0.45555555555555555
1834,0.16666666666666666
1836,0.37222222222222223
1842,0.4361111111111111
1843,0.7194444444444444
1845,0.37222222222222223
1847,0.03611111111111111
1848,0.34444444444444444
1849,0.20555555555555555
1850,0.20555555555555555
1851,0.11944444444444445
1855,0.3388888888888889
1856,0.3388888888888889
1857,0.3472222222222222
1861,0.225
1862,0.8222222222222222
1863,0.9166666666666666
1864,0.41944444444444445
1866,0.7388888888888889
1867,0.23333333333333334
1868,0.12222222222222222
1870,0.14166666666666666
1872,0.11944444444444445
1873,0.11944444444444445
1875,0.7944444444444444
1890,0.11944444444444445
1891,0.14166666666666666
1894,0.058333333333333334
1895,0.6638888888888889
1896,0.2611111111111111
1898,0.20277777777777778
1899,0.11944444444444445
1900,0
1901,0.16944444444444445
1919,0
1920,0.11944444444444445
1921,0.9166666666666666
1922,0.20277777777777778
1923,0.7722222222222223
1949,0
1950,0.9166666666666666
1951,0
1952,0.08333333333333333
1953,0.37222222222222223
1954,0.37222222222222223
1955,0.37222222222222223
1956,0.37222222222222223
1957,0.28888888888888886
1958,0.03611111111111111
1959,0.37222222222222223
1960,0.11944444444444445
1961,0.11944444444444445
1962,0.11944444444444445
1964,0.11944444444444445
1966,0.03611111111111111
1967,0.11944444444444445
1978,0.20277777777777778
1979,0.09444444444444444
1980,0.03611111111111111
1981,1
1982,0
1984,0.17777777777777778
1986,0.4861111111111111
1987,0.24166666666666667
1988,0.7111111111111111
1989,0.7472222222222222
1990,0.8305555555555556
1992,0.225
1993,0.4583333333333333
1994,0.7472222222222222
1995,0.12222222222222222
1996,0.2861111111111111
1997,0.3472222222222222
1998,0.4305555555555556
1999,0.7472222222222222
2000,0.39166666666666666
2002,0.20277777777777778
2003,0.12222222222222222
2004,0.11944444444444445
2016,0.28888888888888886
2017,0.16666666666666666
2018,0.20277777777777778
2019,1
2020,1
2021,0.20277777777777778
2022,0
2023,0.17777777777777778
2025,0.28888888888888886
2026,0.11944444444444445
2027,0.4305555555555556
2028,0.14166666666666666
2029,0
2031,0.058333333333333334
2032,0.9638888888888889
2033,0
2034,0.16666666666666666
2036,0.2611111111111111
2037,0.058333333333333334
2038,0.3472222222222222
2040,0.6527777777777778
2041,0.3388888888888889
2042,0.25
2043,0.09444444444444444
2045,0.09444444444444444
2046,0
2047,0.12777777777777777
2048,0.08333333333333333
2059,0.17222222222222222
2060,1
2061,0.4222222222222222
2062,0.5388888888888889
2063,0.08333333333333333
2080,0
2098,1
2127,0
2128,0
2129,0
2130,0
2146,0.14444444444444443
2147,0
2170,0.4
2188,0.6555555555555556
2189,0.08333333333333333
2190,0.2861111111111111
2191,0
2195,0
2196,0.20277777777777778
2197,0.2861111111111111
2199,0.14166666666666666
2200,0.6638888888888889
2201,0.2861111111111111
2202,1
2204,0.20277777777777778
2229,0
2230,0
2232,1
2234,1
2244,0
2248,0
2250,1
2252,0
2253,0
2287,0.11944444444444445
2288,0.20277777777777778
2289,0.16944444444444445
2290,0.20555555555555555
2291,0.11944444444444445
2292,0.20277777777777778
2293,0.4111111111111111
2294,0.4083333333333333
2297,0.09444444444444444
2298,0.4861111111111111
2299,0.4666666666666667
2300,0
2301,0.14166666666666666
2302,0.11944444444444445
2306,0.03611111111111111
2307,0.03611111111111111
2308,0.22777777777777777
2309,0.09444444444444444
2310,0.4222222222222222
2311,0.14166666666666666
2312,0.08333333333333333
2313,0.058333333333333334
2314,0.14166666666666666
2315,0.11944444444444445
2316,0.03611111111111111
2318,0.225
2321,0.7138888888888889
2322,0.28888888888888886
2323,0.14444444444444443
2324,0.18055555555555555
2326,0.23333333333333334
2327,0.09444444444444444
2328,0.20555555555555555
2341,0.16666666666666666
2344,0.11944444444444445
2345,0.08333333333333333
2346,0.20277777777777778
2347,0.20277777777777778
2348,0.11944444444444445
2349,0.20555555555555555
2350,0.03611111111111111
2351,0
2352,0.08333333333333333
2353,0.225
2354,0
2355,0.6888888888888889
2356,0.25277777777777777
2358,0
2359,0.28055555555555556
2362,0.14444444444444443
2363,0.14444444444444443
2364,0
2365,0
2367,0.058333333333333334
2369,0.11944444444444445
2371,0.2611111111111111
2373,1
2374,0.03611111111111111
2375,0.28888888888888886
2376,0.08333333333333333
2377,0
2378,0.08333333333333333
2380,0
2381,0
2393,0
2396,0
2400,0
2407,0.03611111111111111
2408,1
2409,0.11944444444444445
2410,0.25277777777777777
2411,0.11944444444444445
2412,0.20277777777777778
2413,0.37222222222222223
2414,0.6361111111111111
2415,0.45555555555555555
2416,0.5444444444444444
2417,0.5416666666666666
2418,0.26666666666666666
2419,0.2638888888888889
2420,0.36944444444444446
2421,0.20277777777777778
2422,0.5666666666666667
2427,0.5138888888888888
2428,0.11944444444444445
2429,0.9166666666666666
2430,0.5138888888888888
2432,0.20277777777777778
2433,0.9638888888888889
2434,0.11944444444444445
2435,0.8222222222222222
2436,0.11944444444444445
2437,0.25
2438,0.7361111111111112
2439,0.2611111111111111
2440,0.17777777777777778
2441,0.16944444444444445
2442,0.37222222222222223
2443,0.49444444444444446
2444,0.14722222222222223
2445,0.20277777777777778
2448,0.2611111111111111
2449,0.37222222222222223
2450,0.17777777777777778
2451,0.3472222222222222
2452,0.17777777777777778
2453,0.20277777777777778
2454,0.2611111111111111
2455,0.5944444444444444
2456,0.3472222222222222
2457,0.5055555555555555
2458,0.3472222222222222
2459,0.46111111111111114
2460,0.8222222222222222
2473,0.9166666666666666
2474,0.6527777777777778
2475,0.25
2476,0.6
2477,0.2638888888888889
2479,0.2611111111111111
2480,0.5972222222222222
2481,0.28888888888888886
2482,0.4305555555555556
2483,0.2611111111111111
2484,0.20555555555555555
2490,0.8222222222222222
2491,0.11944444444444445
2492,0.5138888888888888
2493,0.9638888888888889
2494,0.11944444444444445
2495,0.49166666666666664
2496,0.4305555555555556
2497,0.39444444444444443
2499,0.4305555555555556
2501,0
2502,0.4583333333333333
2504,0.45555555555555555
2506,0.7111111111111111
2510,0.2638888888888889
2512,0.14166666666666666
2514,0.6277777777777778
2518,0.31666666666666665
2524,0.17777777777777778
2525,0.03611111111111111
2526,0.2611111111111111
2528,0.03611111111111111
2529,0.09444444444444444
2531,0.11944444444444445
2532,0.25277777777777777
2533,0
2536,0.08611111111111111
2537,1
2538,0.058333333333333334
2539,0.33611111111111114
2540,0.20277777777777778
2541,0.45555555555555555
2542,0.3472222222222222
2544,0
2545,0.11944444444444445
2546,0
2547,0
2548,0.03611111111111111
2549,0.7472222222222222
2550,0.3111111111111111
2551,0
2552,0.09444444444444444
2553,0.8305555555555556
2554,1
2555,0.37222222222222223
2556,0.20277777777777778
2557,0.058333333333333334
2558,0.37222222222222223
2559,0.9166666666666666
2560,0.3472222222222222
2561,0.09444444444444444
2562,0.17777777777777778
2563,0
2564,0.2611111111111111
2565,0
2566,0.7111111111111111
2567,0.45555555555555555
2568,0
2569,0.28888888888888886
2570,0.11944444444444445
2571,0.36585365853658536
2572,1
2573,0
2582,0.08333333333333333
2583,1
2585,0.20277777777777778
2586,0.14166666666666666
2587,0.08333333333333333
2588,0.37222222222222223
2589,0.20277777777777778
2591,0.6277777777777778
2592,0.11944444444444445
2606,0
2626,0.23333333333333334
2627,0.03611111111111111
2628,0
2630,0
2642,0.20277777777777778
2644,0.11944444444444445
2646,0
2648,0.08333333333333333
2649,0.08333333333333333
2650,0
2651,0.16666666666666666
2652,0.20555555555555555
2653,0.28888888888888886
2655,0.20277777777777778
2656,0.28888888888888886
2657,0.5333333333333333
2658,0.45555555555555555
2659,0.20555555555555555
2660,0.33611111111111114
2661,0
2662,0.12222222222222222
2664,0.7722222222222223
2665,0.45555555555555555
2666,0.16666666666666666
2667,0.28888888888888886
2668,0.11944444444444445
2669,0.16666666666666666
2670,0.25277777777777777
2671,0.2861111111111111
2672,0.17777777777777778
2673,0.33611111111111114
2674,0.11944444444444445
2675,0.11944444444444445
2676,0.3333333333333333
2677,0.2861111111111111
2679,0.2861111111111111
2680,0.28888888888888886
2681,0.16944444444444445
2682,0.20277777777777778
2683,0.28888888888888886
2685,0.28888888888888886
2686,0.37222222222222223
2687,0.20277777777777778
2688,0.36944444444444446
2689,0.37222222222222223
2690,0.4
2691,0.12222222222222222
2696,0.6055555555555555
2698,0.28888888888888886
2700,0.28888888888888886
2704,0.6341463414634146
2706,0.28888888888888886
2711,0.625
2714,0
2715,0.37222222222222223
2717,0
2718,0.12222222222222222
2726,0.17777777777777778
2727,0.3472222222222222
2728,0.39444444444444443
2731,0.25
2732,0.45555555555555555
2733,0.30833333333333335
2734,0.8805555555555555
2735,0.9166666666666666
2736,0.7472222222222222
2738,0.08611111111111111
2745,0.9166666666666666
2746,0.8305555555555556
2747,0.8555555555555555
2748,0.9416666666666667
2749,0.2611111111111111
2750,0.37222222222222223
2751,1
2752,0.8805555555555555
2754,0.37222222222222223
2887,0.225
2888,0.11944444444444445
2889,0.28888888888888886
2890,0.11944444444444445
2891,0.5138888888888888
2892,1
2893,0.058333333333333334
2896,0.058333333333333334
2897,0.11944444444444445
2898,0.08333333333333333
2899,0.16666666666666666
2900,0.11944444444444445
2901,0.08333333333333333
2903,0
2904,0.11944444444444445
2909,0
2910,0
2913,0
2914,0.03611111111111111
2915,0
2916,0
2918,0
2919,0.08611111111111111
2921,0
2922,0
2924,0.03611111111111111
2925,0
2927,0
2928,0.08333333333333333
2929,0
2930,0.11944444444444445
2932,0
2934,0
2936,0
2999,0
3000,0.03611111111111111
3001,0.08333333333333333
3002,0.11944444444444445
3003,0
3004,0
3006,0
3007,0
3008,0
3009,0
3010,0
3011,0
3012,0
3013,0
3014,0
3015,0.7111111111111111
3016,0
3017,0
3018,1
3019,0
3020,0.6527777777777778
3021,0.7472222222222222
3024,0.9166666666666666
3025,0.28888888888888886
3026,0.28888888888888886
3027,0.28888888888888886
3028,0.28888888888888886
3030,0.4451219512195122
3031,0.08333333333333333
3032,0.37222222222222223
3033,0.9138888888888889
3034,0.5805555555555556
3035,0.11944444444444445
3036,0.20277777777777778
3037,0.6341463414634146
3038,1
3039,0.03611111111111111
3041,0.03611111111111111
3042,0
3043,0.20555555555555555
3044,0.08611111111111111
3045,0.20277777777777778
3046,0.11944444444444445
3047,0.2621951219512195
3048,0.28888888888888886
3049,0.20277777777777778
3050,0.20277777777777778
3051,0.37222222222222223
3052,0.37222222222222223
3053,0.07926829268292683
3058,0.8333333333333334
3059,0
3061,1
3062,0.8222222222222222
3063,0.49166666666666664
3064,0.22777777777777777
3065,0.08333333333333333
3066,0.7972222222222223
3067,0.9416666666666667
3082,0.11944444444444445
3092,0
3094,0
3095,1
3096,1
3097,1
3100,0.08333333333333333
3102,1
3104,0.11944444444444445
3105,0.9166666666666666
3106,0.7111111111111111
3107,0.6277777777777778
3108,0
3109,0.08333333333333333
3110,1
3111,0
3112,0
3113,0
3114,0.03611111111111111
3115,0
3117,0
3118,0.03611111111111111
3119,0.08333333333333333
3120,0
3121,0.08333333333333333
3122,0.11944444444444445
3123,0.08333333333333333
3124,0.03611111111111111
3125,0.36944444444444446
3133,0.6527777777777778
3135,0.3611111111111111
3136,1
3137,0.7194444444444444
3138,0.7388888888888889
3139,0.28888888888888886
3140,0.45555555555555555
3141,0.058333333333333334
3143,0.8305555555555556
3144,0.4451219512195122
3145,0.3388888888888889
3146,0
3148,0.8333333333333334
3149,0.11944444444444445
3150,1
3151,0.37222222222222223
3156,0
3157,0.7972222222222223
3161,0.7472222222222222
3163,0.20277777777777778
3173,0
3175,0
3176,1
3177,0
3179,0.16944444444444445
3180,0.03611111111111111
3181,0
3182,0
3184,1
3198,0
3199,0
3200,0.07926829268292683
3203,0.03611111111111111
3206,0
3207,0
3209,0
3210,0
3212,0
3213,0
3214,0.7972222222222223
3215,0
3216,0.09444444444444444
3217,0
3218,0.18292682926829268
3219,0.03611111111111111
3220,0
3222,1
3223,0.11944444444444445
3224,0.16944444444444445
3225,0.6341463414634146
3226,0.7972222222222223
3227,1
3228,0.28888888888888886
3229,0.20277777777777778
3230,1
3231,0.9138888888888889
3252,0
3254,0.37222222222222223
3255,0
3256,0
3259,0
3270,0.28888888888888886
3273,0
3276,0.07926829268292683
3281,0.07926829268292683
3304,0.11944444444444445
3306,0.8805555555555555
3308,0.4777777777777778
3310,0.45
3312,0.9166666666666666
3316,0.8583333333333333
3318,0.6277777777777778
3320,0.43333333333333335
3322,0.28055555555555556
3328,0.225
3330,1
3334,0
3343,0.3111111111111111
3345,0.7416666666666667
3346,0
3347,0.7972222222222223
3349,0.7472222222222222
3351,1
3352,0.8583333333333333
3353,1
3354,0.7944444444444444
3355,0.7111111111111111
3356,0.28888888888888886
3359,0.8805555555555555
3360,1
3365,0.3719512195121951
3366,0.20277777777777778
3367,0.11944444444444445
3370,0.45555555555555555
3371,0.37222222222222223
3372,0.37222222222222223
3375,0.37222222222222223
3376,0.37222222222222223
3377,1
3378,0.41944444444444445
3379,0.45555555555555555
3380,0.37222222222222223
3381,0.03611111111111111
3382,1
3383,0
3384,0.37222222222222223
3385,0.9638888888888889
3387,1
3388,0.28888888888888886
3389,1
3390,1
3391,1
3392,0.4305555555555556
3393,0.9166666666666666
3394,0.11944444444444445
3395,0.6638888888888889
3396,1
3397,0.9166666666666666
3398,1
3400,0.37222222222222223
3401,0.8805555555555555
3402,0.9166666666666666
3403,0.7944444444444444
3404,0.7472222222222222
3405,0.8333333333333334
3410,0.2611111111111111
3414,0.3472222222222222
3416,0.6888888888888889
3418,0.8305555555555556
3468,0
3470,0.7944444444444444
3472,0.17777777777777778
3473,0.2638888888888889
3475,0.11944444444444445
3476,0
3477,0.058333333333333334
3489,0.8305555555555556
3490,0
3491,0.17777777777777778
3495,0.2638888888888889
3496,0.2861111111111111
3500,0.08333333333333333
3503,0.11944444444444445
3506,0.17777777777777778
3508,0
3509,0
3511,0.03611111111111111
3513,0.08333333333333333
3514,0
3515,0.3472222222222222
3516,0.058333333333333334
3526,0.5694444444444444
3527,0.4222222222222222
3528,0.3972222222222222
3529,0.14444444444444443
3530,0.4666666666666667
3531,0.08333333333333333
3534,0.14166666666666666
3535,0.08333333333333333
3536,0
3537,0
3538,0
3539,0
3541,0
3542,0
3543,0
3545,0.11944444444444445
3546,0
3548,0.16666666666666666
3552,0.08333333333333333
3553,0
3555,0.058333333333333334
3556,0.2611111111111111
3557,0
3558,0.11944444444444445
3560,0.2611111111111111
3561,0
3562,0.20277777777777778
3563,0.20277777777777778
3564,0.2611111111111111
3565,0.058333333333333334
3567,0.11944444444444445
3568,0.28888888888888886
3570,0.11944444444444445
3574,0.14166666666666666
3575,0.08333333333333333
3580,0
3583,0.03611111111111111
3586,0.17777777777777778
3588,0.5548780487804879
3592,1
3593,0.37222222222222223
3594,0.20277777777777778
3596,0.28888888888888886
3598,0.37222222222222223
3599,1
3600,0.7722222222222223
3601,0.11944444444444445
3602,1
3604,0
3606,0.6277777777777778
3615,0
3617,0.2777777777777778
3623,0.03611111111111111
3624,0
3625,0
3627,0.7111111111111111
3628,0.16944444444444445
3629,0.14166666666666666
3630,0.225
3632,0.17777777777777778
3633,0
3634,0.20277777777777778
3635,0.14166666666666666
3636,0.20277777777777778
3638,0.28888888888888886
3640,0.11944444444444445
3642,0.11944444444444445
3661,0.5138888888888888
3663,0.20277777777777778
3665,0.14166666666666666
3667,0.20277777777777778
3669,0.2638888888888889
3671,0.16666666666666666
3673,0.08333333333333333
3675,0
3676,0.20277777777777778
3678,0.20277777777777778
3680,0.16666666666666666
3684,0.08333333333333333
3686,1
3688,0.7111111111111111
3690,1
3692,1
3693,0.08333333333333333
3695,0.6277777777777778
3696,0.8333333333333334
3697,0.8055555555555556
3698,0
3699,0
3700,0
3701,0
3703,0
3704,0.25277777777777777
3705,0
3706,0
3707,0.08611111111111111
3708,0.18292682926829268
3709,0.16666666666666666
3710,0.25277777777777777
3713,0
3719,0.08333333333333333
3721,0
3722,0.12222222222222222
3723,0.11944444444444445
3724,0.08333333333333333
3726,0.16666666666666666
3727,0
3730,0.11944444444444445
3758,0.7472222222222222
3759,0.9166666666666666
3760,0
3761,1
3764,0.5444444444444444
3767,0
3768,0
3769,0.08333333333333333
3771,0
3772,0
3797,1
3798,0.28888888888888886
3799,0.20277777777777778
3800,0.25277777777777777
3801,0.28888888888888886
3802,0.28888888888888886
3803,0
3804,0.28888888888888886
3805,0.28888888888888886
3806,0.16944444444444445
3807,0.16666666666666666
3808,0.20277777777777778
3809,0
3810,0
3811,0.4451219512195122
3812,0.4451219512195122
3813,0
3814,0.4451219512195122
3815,0
3816,0.2621951219512195
3817,0.11944444444444445
3818,0.07926829268292683
3819,0.07926829268292683
3820,0.07926829268292683
3821,0.4451219512195122
3822,0.07926829268292683
3824,0.07926829268292683
3825,0.03611111111111111
3827,0.2621951219512195
3830,0
3831,0
3832,0
3833,0
3834,0
3836,0.18292682926829268
3838,0
3839,0.07926829268292683
3840,0
3841,0.6341463414634146
3844,0.03611111111111111
3845,0.2621951219512195
3846,0.07926829268292683
3847,0.20277777777777778
3849,0.20277777777777778
3857,0.03611111111111111
3858,0
3863,0
3865,0.08333333333333333
3867,0
3872,0.03611111111111111
3874,0.03611111111111111
3875,0
3876,0
3878,0
3879,0
3881,0
3882,0.18292682926829268
3888,0
3889,0
3890,0
3891,0
3892,0
3893,0.03611111111111111
3894,0.03611111111111111
3896,0.11944444444444445
3897,0.08333333333333333
3943,0.37222222222222223
3944,0
3945,0.37222222222222223
3946,0.20277777777777778
3948,1
3950,0.11944444444444445
3951,0.03611111111111111
3952,0.2621951219512195
3954,0.11944444444444445
3955,0.03611111111111111
3956,0.2621951219512195
3957,0.20277777777777778
3959,0.18292682926829268
3960,0.11944444444444445
3962,0.6341463414634146
3965,1
3966,1
3967,0.20277777777777778
3968,1
3969,1
3970,0.9166666666666666
3971,1
3973,0
3974,0.8333333333333334
3976,0.2861111111111111
3977,0.11944444444444445
3978,0.25
3979,0.28888888888888886
3981,0.08333333333333333
3982,0.11944444444444445
3983,0.11944444444444445
3984,0.11944444444444445
3985,0.20277777777777778
3986,0
3987,0.03611111111111111
3989,0
3991,0.20555555555555555
3992,0.03611111111111111
3993,0.9138888888888889
3994,0.03611111111111111
3995,1
3996,1
3997,0.03611111111111111
3998,0.20277777777777778
3999,1
4000,0.4451219512195122
4001,1
4002,0.20277777777777778
4003,0.8305555555555556
4004,0.2621951219512195
4005,0.2621951219512195
4006,0.2621951219512195
4008,0.07926829268292683
4011,1
4012,0.03611111111111111
4013,0
4014,0.03611111111111111
4015,0.8170731707317073
4016,0.20277777777777778
4018,1
4019,0.11944444444444445
4020,0
4021,1
4022,0.7378048780487805
4023,0.8109756097560976
4024,0.20277777777777778
4025,1
4026,0
4027,1
4029,0
4030,0.8333333333333334
4031,0.08333333333333333
4032,0.20277777777777778
4033,0.11944444444444445
4034,0
4036,0
4038,0.07926829268292683
4039,0.03611111111111111
4040,0
4041,0.18292682926829268
4043,0
4044,0.7111111111111111
4046,0
4048,0.36585365853658536
4050,0.5548780487804879
4053,0.6341463414634146
4055,0.07926829268292683
4059,0
4061,0
4062,0.28888888888888886
4063,0
4064,0
4066,0.18902439024390244
4067,0
4069,0
4070,0
4071,0.2621951219512195
4083,0.28888888888888886
4085,0.20277777777777778
4086,0.37222222222222223
4087,0.28888888888888886
4088,0.28888888888888886
4090,0.20555555555555555
4101,1
4102,0.20277777777777778
4104,0.28888888888888886
4105,0.34444444444444444
4106,0.28888888888888886
4109,0.28888888888888886
4110,0.20277777777777778
4112,0.37222222222222223
4114,0.20277777777777778
4116,0
4117,0.9638888888888889
4118,0
4119,0.28888888888888886
4120,0.28888888888888886
4121,0
4122,0.2621951219512195
4123,0.4451219512195122
4125,0.4451219512195122
4126,0.03611111111111111
4127,0
4128,0.4451219512195122
4129,0.11944444444444445
4130,0.4451219512195122
4131,0.07926829268292683
4171,0.5444444444444444
4172,0.42777777777777776
4173,0.08611111111111111
4174,0.8222222222222222
4176,0.3472222222222222
4177,0.11944444444444445
4178,0.8583333333333333
4180,0.08333333333333333
4181,0.8305555555555556
4182,0.2638888888888889
4183,0.2611111111111111
4184,0.4305555555555556
4186,0.17777777777777778
4188,0.2638888888888889
4189,0.37222222222222223
4191,0.4305555555555556
4192,0.3472222222222222
4194,0
4197,0.03611111111111111
4199,0.7944444444444444
4200,0.08333333333333333
4205,0
4206,0
4207,0.16944444444444445
4208,0.03611111111111111
4209,0
4213,0.08611111111111111
4214,0.058333333333333334
4216,0
4217,0
4218,0
4221,0.03611111111111111
4222,0
4223,0.08333333333333333
4225,0
4226,0.08333333333333333
4228,0.08333333333333333
4229,0
4236,0.3111111111111111
4237,0
4238,0.11944444444444445
4239,0
4240,0.6638888888888889
4241,0.08333333333333333
4242,1
4244,0.07926829268292683
4245,0
4246,0.03611111111111111
4247,0.28888888888888886
4249,0.20277777777777778
4250,0
4251,0.08333333333333333
4253,0
4258,0
4259,0
4261,0
4262,0
4263,0.18055555555555555
4264,0
4265,0
4266,0
4267,0
4269,0
4270,0
4272,0.20277777777777778
4273,0
4275,0
4282,0.09166666666666666
4283,0
4284,0
4286,0
4287,0
4288,0
4290,0
4291,0
4292,0
4295,0
4297,0
4298,0
4300,0
4301,0
4304,0.28888888888888886
4307,0.08333333333333333
4309,0.08333333333333333
4311,0.08333333333333333
4313,0
4315,0
4316,0.16944444444444445
4317,0.03611111111111111
4325,0.16944444444444445
4328,0
4329,0
4330,0
4332,0.16944444444444445
4333,0.08333333333333333
4334,0.11944444444444445
4335,0.20277777777777778
4336,0.11944444444444445
4337,0.20277777777777778
4338,0
4339,0.11944444444444445
4340,0
4341,0
4342,0.08333333333333333
4343,0.08333333333333333
4344,0.20277777777777778
4345,0.03611111111111111
4346,0.11944444444444445
4347,0
4348,0.37222222222222223
4349,0
4350,0.4451219512195122
4354,0.5548780487804879
4355,0.6341463414634146
4356,0.28888888888888886
4357,0
4358,0
4359,0.058333333333333334
4363,0
4364,0
4366,0
4367,0
4368,0.4451219512195122
4371,0.25277777777777777
4372,0
4375,0.6341463414634146
4377,0.20277777777777778
4378,0
4380,0
4381,0.20277777777777778
4383,0
4385,0
4388,0.3472222222222222
4389,0.20555555555555555
4390,0.28888888888888886
4391,0.28888888888888886
4392,0.37222222222222223
4395,0
4398,0.03611111111111111
4401,0.4451219512195122
4402,0.4451219512195122
4404,1
4405,0.20277777777777778
4406,0.20555555555555555
4418,0.058333333333333334
4421,0.37222222222222223
4422,0
4423,0.4451219512195122
4424,0
4430,0
4431,0
4432,0
4433,0.28888888888888886
4434,0
4439,0
4440,0.20277777777777778
4441,0.07926829268292683
4442,0.07926829268292683
4443,0
4444,0
4445,0.28888888888888886
4446,0
4447,0.25277777777777777
4449,0.28888888888888886
4450,0.20555555555555555
4451,0.3472222222222222
4453,0.16666666666666666
4454,0.25277777777777777
4532,0.37222222222222223
4551,0
4553,0.20277777777777778
4555,0.41944444444444445
4559,0.09444444444444444
4560,0.11944444444444445
4561,0.575
4562,0.20277777777777778
4563,1
4564,0.4583333333333333
4565,0.11944444444444445
4566,0.07926829268292683
4567,0.6277777777777778
4568,0.11944444444444445
4569,0.08333333333333333
4570,0.20555555555555555
4572,0.8805555555555555
4573,0.8805555555555555
4574,0.7972222222222223
4575,0.7972222222222223
4576,0.03611111111111111
4577,0.8805555555555555
4578,0
4579,0.11944444444444445
4689,0.7111111111111111
4690,0.22777777777777777
4691,0.6638888888888889
4692,0.3388888888888889
4693,0.9638888888888889
4694,0.7111111111111111
4695,0.36944444444444446
4696,0.6277777777777778
4697,0.4305555555555556
4698,0.37222222222222223
4699,0.7472222222222222
4701,0.08333333333333333
4702,0.9638888888888889
4703,0.1111111111111111
4704,0
4705,0.08611111111111111
4706,0.7111111111111111
4710,0.48055555555555557
4712,0.6638888888888889
4714,0.20277777777777778
4715,0
4716,0.11944444444444445
4717,0
4718,0.08333333333333333
4719,0.16666666666666666
4721,0.16666666666666666
4723,0.25
4725,0.9166666666666666
4727,1
4729,1
4731,0.2777777777777778
4735,0.7472222222222222
4739,0.9166666666666666
4745,1
4746,0.75
4748,0
4749,0.9138888888888889
4750,0.08333333333333333
4751,1
4752,0
4753,0.37222222222222223
4773,0
4775,0.08333333333333333
4777,0
4794,0.28888888888888886
4795,0
4797,0.16944444444444445
4798,0.4361111111111111
4799,0.16666666666666666
4800,0.37222222222222223
4801,0.20277777777777778
4802,0.9166666666666666
4803,0.7944444444444444
4804,0.4861111111111111
4805,0.25833333333333336
4806,0.9166666666666666
4807,0.9138888888888889
4808,0.45555555555555555
4809,1
4811,0.31666666666666665
4813,0.16666666666666666
4814,0.11944444444444445
4817,0.4305555555555556
4818,0.6638888888888889
4819,0.16944444444444445
4820,0.37222222222222223
4821,0.4027777777777778
4822,0.5416666666666666
4823,0.2861111111111111
4824,0.16666666666666666
4825,0
4826,0.11944444444444445
4827,0.16666666666666666
4828,0.17777777777777778
4829,0.20277777777777778
4830,0.25277777777777777
4831,0.20277777777777778
4832,0.20277777777777778
4833,0.03611111111111111
4834,0.08333333333333333
4837,0.37222222222222223
4838,0.45555555555555555
4839,0.20555555555555555
4840,0.20277777777777778
4841,0.20555555555555555
4842,0.45555555555555555
4843,0.8805555555555555
4844,0.28888888888888886
4845,0.20555555555555555
4846,0.20277777777777778
4847,0.11944444444444445
4848,0.16666666666666666
4849,0.16666666666666666
4850,0
4851,0.20555555555555555
4852,0
4853,0.11944444444444445
4855,0
4857,0
4859,0.16666666666666666
4861,0.03611111111111111
4863,0.33611111111111114
4865,0.11944444444444445
4866,0
4867,0.08333333333333333
4868,0
4869,0
4876,0.9166666666666666
4877,0.03611111111111111
4878,0.6277777777777778
4879,0.7111111111111111
4881,0.5138888888888888
4883,0.8805555555555555
4885,0.08333333333333333
4887,0.8333333333333334
4889,0
4893,0
4895,0.11944444444444445
4897,0
4899,0.08333333333333333
4901,0
4903,0
4905,0.08333333333333333
4907,0
4909,0
4911,0
4913,0.08611111111111111
4915,0.7111111111111111
4917,0
4919,0.08333333333333333
4921,0.9166666666666666
4927,0
4929,0.475
4933,0.7472222222222222
4937,0.11944444444444445
4939,0
4944,0.11944444444444445
4946,0.16666666666666666
4948,0.03611111111111111
4956,1
4958,1
4960,0.8305555555555556
4962,0.11944444444444445
4964,0.7472222222222222
4966,0.9416666666666667
4968,1
4970,0.8583333333333333
4972,0.03611111111111111
4974,0.20277777777777778
4976,0.08333333333333333
4978,0.16944444444444445
4981,0.45121951219512196
4982,0.08611111111111111
4983,0.20277777777777778
4985,0.36585365853658536
4987,0.16944444444444445
4989,0.11944444444444445
4991,0.12222222222222222
4993,0.20555555555555555
4995,0.08333333333333333
4997,0.28888888888888886
4999,0
5001,0.20555555555555555
5003,0.11944444444444445
5005,0.11944444444444445
5007,0.20277777777777778
5009,0.03611111111111111
5011,0.37222222222222223
5013,0.20277777777777778
5015,0.7472222222222222
5017,0.8305555555555556
5019,0.11944444444444445
5021,0.4083333333333333
5022,0.36585365853658536
5026,0.2621951219512195
5028,0
5031,0
5033,0
5034,0
5035,0
5036,0
5037,0.03611111111111111
5038,0
5039,0.9166666666666666
5040,0.7944444444444444
5041,0.11944444444444445
5042,0
5043,0.08333333333333333
5157,0.058333333333333334
5158,0.7111111111111111
5159,0
5160,0.45555555555555555
5161,0.08333333333333333
5162,0.9055555555555556
5163,0.4583333333333333
5165,0.7472222222222222
5166,0.9416666666666667
5179,0.058333333333333334
5229,0.3472222222222222
5257,0.058333333333333334
5258,0
5259,0
5260,0
5261,0
5262,0.14166666666666666
5263,0
5264,0
5265,0.08333333333333333
5266,0
5267,0
5268,0.03611111111111111
5269,0
5270,0.058333333333333334
5271,0
5272,0.09444444444444444
5273,0.17777777777777778
5274,0.11944444444444445
5283,0.16944444444444445
5290,0.058333333333333334
5300,0
5301,0
5302,0
5303,0
5304,0.07926829268292683
5305,0.03611111111111111
5306,0.07926829268292683
5307,0.20277777777777778
5308,0.20277777777777778
5311,0.08333333333333333
5312,0
5313,0
5314,0
5315,0.08333333333333333
5316,0
5317,0
5318,0.08333333333333333
5321,0
5322,0.08333333333333333
5323,0
5324,0
5325,0
5326,0
5327,0
5328,0
5329,0
5330,0
5331,0
5332,0.20555555555555555
5333,0.28888888888888886
5345,0.37222222222222223
5346,0.6277777777777778
5347,0.20555555555555555
5348,0.16666666666666666
5349,0.12222222222222222
5351,0.5166666666666667
5352,0.2611111111111111
5353,0
5354,0.16666666666666666
5355,0.20277777777777778
5356,1
5357,0.9638888888888889
5358,1
5359,1
5360,0.11944444444444445
5361,0.29444444444444445
5362,0.55
5363,0.2638888888888889
5364,0.25277777777777777
5367,0.3472222222222222
5368,0.37222222222222223
5370,0.9638888888888889
5371,0.20277777777777778
5372,0.16944444444444445
5373,0.28888888888888886
5374,0.08333333333333333
5375,0.08333333333333333
5376,0
5378,0
5383,0.11944444444444445
5384,0.8777777777777778
5385,0.28888888888888886
5386,0.11944444444444445
5387,0
5388,1
5389,0
5390,1
5391,1
5392,1
5393,0
5394,0.9207317073170732
5395,0
5396,0
5397,0.08333333333333333
5398,0.11944444444444445
5399,0.9638888888888889
5400,0
5401,0.03611111111111111
5404,1
5405,0
5406,0.11944444444444445
5407,1
5408,1
5409,0.9638888888888889
5410,0.11944444444444445
5411,0
5412,1
5413,1
5414,1
5416,1
5417,0.11944444444444445
5425,0.9638888888888889
5426,0.11944444444444445
5427,0.03611111111111111
5428,0.9166666666666666
5429,0.08333333333333333
5430,1
5431,1
5432,0.058333333333333334
5433,0
5434,1
5435,0
5436,1
5437,0
5438,0
5439,0
5440,0
5441,0.058333333333333334
5442,0.058333333333333334
5443,0
5444,0.058333333333333334
5445,0.058333333333333334
5446,0
5447,1
5448,0.03611111111111111
5449,0.058333333333333334
5450,0.058333333333333334
5451,1
5452,0.17777777777777778
5453,0.058333333333333334
5454,1
5455,0.058333333333333334
5458,1
5459,1
5460,0
5461,0
5462,0
5463,0.07926829268292683
5464,0
5465,0.11944444444444445
5466,0
5467,0.03611111111111111
5468,1
5469,0.11944444444444445
5470,0
5471,1
5472,0.8805555555555555
5474,0.08333333333333333
5475,0.08333333333333333
5476,0
5477,1
5478,0
5479,0.11944444444444445
5480,0.7378048780487805
5481,0.11944444444444445
5482,0
5483,1
5484,0
5485,0
5486,0
5487,0
5488,1
5489,0
5491,0.16944444444444445
5492,0.20555555555555555
5493,0.16944444444444445
5494,0
5495,0
5496,0
5497,0.16944444444444445
5498,0.08611111111111111
5499,0
5500,0.41944444444444445
5501,0.7111111111111111
5502,0.28888888888888886
5503,0.03611111111111111
5504,0.36585365853658536
5505,0.08333333333333333
5506,0.16666666666666666
5507,0.6277777777777778
5508,0.20555555555555555
5509,0.08333333333333333
5510,0.16944444444444445
5511,0.07926829268292683
5512,0.22777777777777777
5513,0
5514,0.11944444444444445
5515,0.03611111111111111
5516,0.03611111111111111
5517,0.11944444444444445
5518,0.03611111111111111
5519,0
5520,0.03611111111111111
5521,0
5522,0.03611111111111111
5523,0.03611111111111111
5524,0.03611111111111111
5525,0.08333333333333333
5526,0.03611111111111111
5527,0
5528,0.08333333333333333
5529,0.11944444444444445
5530,0.20277777777777778
5531,0.11944444444444445
5532,0.28888888888888886
5533,0.08333333333333333
5534,0.11944444444444445
5535,0
5536,0.11944444444444445
5537,0.2621951219512195
5538,0.11944444444444445
5539,0.11944444444444445
5540,0.11944444444444445
5541,0.11944444444444445
5542,0.08333333333333333
5543,0.20277777777777778
5544,0.03611111111111111
5545,0
5546,0.16666666666666666
5547,0.11944444444444445
5548,0.20277777777777778
5549,0.28888888888888886
5550,0.20277777777777778
5551,0.20277777777777778
5552,0.25277777777777777
5554,0.20277777777777778
5555,0.20277777777777778
5556,0.20277777777777778
5557,0.2861111111111111
5558,0.03611111111111111
5559,0.20277777777777778
5560,0.20277777777777778
5561,0.28888888888888886
5562,0.11944444444444445
5563,0.28888888888888886
5564,0.20277777777777778
5565,0.20277777777777778
5566,0.28888888888888886
5567,0
5568,0.2861111111111111
5570,0.45555555555555555
5571,1
5572,0.33611111111111114
5574,0.2611111111111111
5575,0.9166666666666666
5576,0.28888888888888886
5577,0.28888888888888886
5578,1
5579,0.33611111111111114
5580,1
5581,0.37222222222222223
5618,0
5619,0
5620,0
5621,0.03611111111111111
5622,0
5623,1
5624,1
5625,0
5626,0.11944444444444445
5627,0
5628,0.03611111111111111
5629,0
5630,0
5631,0
5632,0
5634,0
5635,1
5636,0
5637,0
5638,0.8805555555555555
5639,1
5640,1
5641,1
5642,0
5643,0.8805555555555555
5644,1
5645,1
5646,0
5647,0
5648,0
5649,1
5650,0.058333333333333334
5651,0
5652,0
5653,1
5654,0
5655,0
5656,0
5657,0
5658,0
5659,0
5660,0
5661,0.08333333333333333
5662,0.03611111111111111
5663,0
5664,1
5665,0
5666,0.11944444444444445
5668,0
5669,0
5670,0
5671,0.8805555555555555
5672,0.07926829268292683
5673,0.11944444444444445
5674,0
5675,0.9207317073170732
5676,0.03611111111111111
5677,0
5678,0
5679,1
5680,1
5681,0
5682,0.9638888888888889
5683,1
5684,0
5685,0.8805555555555555
5686,0
5687,1
5688,1
5689,1
5690,1
5691,1
5692,1
5693,1
5694,0.03611111111111111
5695,0
5696,0.08333333333333333
5697,0
5698,0.11944444444444445
5699,1
5700,0.11944444444444445
5708,0
5709,0.03611111111111111
5710,0.28888888888888886
5711,0.2861111111111111
5712,0.11944444444444445
5713,0
5714,0.11944444444444445
5715,0
5716,0.8805555555555555
5717,0.11944444444444445
5718,0
5719,1
5720,1
5721,0
5722,0
5723,0
5724,0
5725,0
5726,1
5727,0
5728,0
5729,0.03611111111111111
5730,0
5731,0.2621951219512195
5732,0.07926829268292683
5733,1
5734,1
5735,0.14166666666666666
5736,0
5737,1
5738,1
5739,1
5740,0.11944444444444445
5741,0
5742,0
5743,0
5744,1
5745,0.058333333333333334
5749,1
5750,1
5751,1
5752,0.8805555555555555
5753,1
5754,1
5755,1
5756,0.11944444444444445
5757,0
5758,0
5759,0.8805555555555555
5760,0
5761,1
5762,1
5763,0.03611111111111111
5764,0.8805555555555555
5765,0.9638888888888889
5766,0.03611111111111111
5767,0
5768,0.11944444444444445
5769,1
5770,1
5771,0.11944444444444445
5772,1
5773,0
5774,0
5775,0
5776,0
5777,0
5780,0
5781,0
5782,0.11944444444444445
5783,0.11944444444444445
5784,1
5785,0.03611111111111111
5787,0.11944444444444445
5788,1
5789,0.17777777777777778
5790,0.11944444444444445
5791,0.11944444444444445
5792,1
5793,0
5794,1
5795,0
5796,0.45555555555555555
5797,0.37222222222222223
5798,0
5800,0
5801,0.09444444444444444
5802,0
5803,0
5804,0
5805,0
5806,0.03611111111111111
5807,0.03611111111111111
5808,0
5809,0.08333333333333333
5810,0
5812,0
5813,0
5814,0
5815,0
5816,0
5817,0.18292682926829268
5818,0
5819,0
5820,0
5821,0
5822,0
5823,0
5824,0.20277777777777778
5825,0
5826,0.11944444444444445
5827,0
5828,0.11944444444444445
5829,0
5830,0.03611111111111111
5831,0
5832,0
5833,0
5834,0
5835,0.20277777777777778
5836,0
5837,0
5838,0.11944444444444445
5839,0
5840,0.8109756097560976
5841,0.03611111111111111
5842,0.03611111111111111
5843,0.03611111111111111
5848,1
5849,0.37222222222222223
6003,0
6004,0.9416666666666667
6005,0.625
6007,0.6638888888888889
6008,0.6638888888888889
6009,0.37222222222222223
6010,0.49444444444444446
6015,0.16944444444444445
6016,0.39444444444444443
6017,0.03611111111111111
6018,0.16944444444444445
6019,0.2621951219512195
6020,0.08611111111111111
6021,0.11944444444444445
6022,0.2638888888888889
6023,0.16666666666666666
6024,0.08333333333333333
6025,0.08333333333333333
6026,0.08611111111111111
6035,0.7111111111111111
6036,0.8777777777777778
6037,0.5694444444444444
6038,0.3472222222222222
6039,0.3472222222222222
6040,0
6044,0
6045,0.08333333333333333
6046,0.25
6047,0.11944444444444445
6048,0.37222222222222223
6049,0
6050,0.36944444444444446
6051,0
6052,0.45555555555555555
6053,0.17777777777777778
6054,0.37222222222222223
6055,0.08333333333333333
6056,0.28888888888888886
6058,0.6888888888888889
6059,0.55
6060,0.08333333333333333
6061,0.8805555555555555
6063,0.6638888888888889
6064,0.9138888888888889
6065,0.03611111111111111
6066,0.14166666666666666
6067,0
6068,0.41944444444444445
6069,0.36944444444444446
6070,0.11944444444444445
6071,1
6072,0.37222222222222223
6073,0.03611111111111111
6074,0
6075,0.225
6076,0.28888888888888886
6077,0.2611111111111111
6078,0.19722222222222222
6079,0.19722222222222222
6080,0.37222222222222223
6081,0.28888888888888886
6082,0.20555555555555555
6083,0.2777777777777778
6084,0.28888888888888886
6085,0.03611111111111111
6086,0.37222222222222223
6087,0.20555555555555555
6089,0.28888888888888886
6091,0.8333333333333334
6092,0.20277777777777778
6093,0.20277777777777778
6101,0.5138888888888888
6102,0.20277777777777778
6103,0.6888888888888889
6104,0.37222222222222223
6105,0.37222222222222223
6106,0.9416666666666667
6107,0.9166666666666666
6108,0.4305555555555556
6109,0.37222222222222223
6110,0.28888888888888886
6111,0.25277777777777777
6112,0.20277777777777778
6113,0.28888888888888886
6114,0.9138888888888889
6115,0.8305555555555556
6116,0.28888888888888886
6117,0.20277777777777778
6118,0.20277777777777778
6119,0.20277777777777778
6120,0.20277777777777778
6121,0.2611111111111111
6122,0.20277777777777778
6123,0.11944444444444445
6124,0.4583333333333333
6125,0.20277777777777778
6126,0.11944444444444445
6127,0.37222222222222223
6128,0.7388888888888889
6129,0.28888888888888886
6130,0.48333333333333334
6131,0.16944444444444445
6132,0.20277777777777778
6133,0.9166666666666666
6135,0.08333333333333333
6136,0.12222222222222222
6137,0.20555555555555555
6138,0.37222222222222223
6139,0.28888888888888886
6140,0.20555555555555555
6141,0.08333333333333333
6142,0.11944444444444445
6143,0.14166666666666666
6145,0.3472222222222222
6146,0.2611111111111111
6147,0.11944444444444445
6148,0.49166666666666664
6149,0.11944444444444445
6150,0.9166666666666666
6151,0.28888888888888886
6152,0.7111111111111111
6153,0.11944444444444445
6154,0.6888888888888889
6155,0.17777777777777778
6156,0.7472222222222222
6157,0.6138888888888889
6158,0.9166666666666666
6159,0.6833333333333333
6160,0.41944444444444445
6161,0.25
6162,0.9166666666666666
6163,0.11944444444444445
6164,0.8305555555555556
6165,0.7611111111111111
6166,0.16944444444444445
6167,0.20555555555555555
6168,0
6169,0.08333333333333333
6170,0.7472222222222222
6171,0
6172,0.08333333333333333
6173,0.16666666666666666
6174,0.03611111111111111
6175,0.08333333333333333
6176,0.4361111111111111
6177,0.03611111111111111
6178,0.11944444444444445
6179,0
6180,0.08333333333333333
6181,0.38055555555555554
6182,0.3472222222222222
6183,1
6184,0.4305555555555556
6185,0.17777777777777778
6186,0.11944444444444445
6188,0.8805555555555555
6189,1
6190,0.6638888888888889
6191,0.20277777777777778
6192,0.37222222222222223
6193,0.28888888888888886
6194,0.11944444444444445
6195,0.28888888888888886
6196,0.11944444444444445
6197,0.20277777777777778
6198,0.11944444444444445
6199,0
6200,0.11944444444444445
6201,0.5548780487804879
6202,0.11944444444444445
6203,0.20277777777777778
6204,0.07926829268292683
6205,0.20277777777777778
6206,0.8305555555555556
6207,0.11944444444444445
6208,0.08611111111111111
6209,0.08333333333333333
6210,0.20555555555555555
6211,0.20277777777777778
6212,0.11944444444444445
6213,0.20277777777777778
6214,0.03611111111111111
6215,0.28888888888888886
6216,0.16666666666666666
6217,0.11944444444444445
6218,0.20277777777777778
6219,0
6220,0.11944444444444445
6221,0
6222,0.25277777777777777
6223,0.7111111111111111
6224,0.08333333333333333
6225,0.16666666666666666
6226,0.16666666666666666
6227,0.16944444444444445
6228,0.11944444444444445
6229,0
6230,0.25
6231,0
6232,0.16666666666666666
6233,0.20277777777777778
6234,0.2861111111111111
6235,0.37222222222222223
6236,0.2861111111111111
6237,0
6238,0
6239,0
6240,0.4
6241,0.11944444444444445
6242,0.20277777777777778
6243,0.45555555555555555
6244,1
6246,0.20555555555555555
6247,0.25
6248,0.9638888888888889
6249,0.28888888888888886
6250,0.33611111111111114
6251,0.41944444444444445
6252,0
6253,0.6611111111111111
6254,0.16666666666666666
6255,0
6256,0.08333333333333333
6257,0.6555555555555556
6258,0.28888888888888886
6259,0.8583333333333333
6260,0.9166666666666666
6261,0.28888888888888886
6262,0.45555555555555555
6263,0.39166666666666666
6264,0.08333333333333333
6265,0.45555555555555555
6266,0.28888888888888886
6267,0.41944444444444445
6268,0.37222222222222223
6269,0.37222222222222223
6270,0.28888888888888886
6271,0.37222222222222223
6272,0.9138888888888889
6273,0.08333333333333333
6274,0.33611111111111114
6275,0.16666666666666666
6276,0.20277777777777778
6277,0.11388888888888889
6278,0.28888888888888886
6279,0.08333333333333333
6280,0.08333333333333333
6281,0.25277777777777777
6282,0.37222222222222223
6283,0.25
6284,0.45555555555555555
6285,0.4861111111111111
6286,0.20277777777777778
6287,0.16944444444444445
6288,0.36944444444444446
6289,0.28888888888888886
6290,0.33611111111111114
6291,0
6292,0.45555555555555555
6293,0.20555555555555555
6294,0.625
6295,0.11944444444444445
6296,0.11944444444444445
6297,0.20277777777777778
6298,0.16944444444444445
6302,0.7111111111111111
6303,0
6304,0.11944444444444445
6305,0
6306,0
6307,0.25277777777777777
6308,0.2861111111111111
6309,0.36944444444444446
6310,0.28888888888888886
6312,0.39444444444444443
6320,0.6
6321,0.34444444444444444
6322,0.18055555555555555
6323,0.7972222222222223
6324,0.03611111111111111
6325,0.6611111111111111
6326,0.5138888888888888
6327,0.5666666666666667
6328,0.3472222222222222
6329,0.7722222222222223
6330,0.20277777777777778
6331,1
6332,0.33611111111111114
6333,0.37222222222222223
6334,0.9055555555555556
6335,0.8805555555555555
6350,0.8333333333333334
6351,0.33611111111111114
6352,0.20277777777777778
6353,0.17777777777777778
6359,0.2611111111111111
6360,0.14166666666666666
6361,0.20277777777777778
6362,0.2638888888888889
6372,0.8583333333333333
6373,0.33611111111111114
6374,0.28888888888888886
6375,0.3111111111111111
6377,0.16944444444444445
6378,0.6280487804878049
6379,0.11944444444444445
6380,0.4583333333333333
6381,0
6382,0.08333333333333333
6383,0.28888888888888886
6384,0.20277777777777778
6386,0.20277777777777778
6387,0.08333333333333333
6388,0.18292682926829268
6389,0
6390,0.28888888888888886
6391,0.7472222222222222
6393,0.16666666666666666
6394,0.20277777777777778
6395,0.16944444444444445
6396,0.11944444444444445
6398,0.28888888888888886
6399,0.20555555555555555
6400,0.37222222222222223
6401,0.20555555555555555
6403,0.16944444444444445
6404,0.3719512195121951
6405,0.20277777777777778
6406,0.37222222222222223
6407,0
6408,0.45555555555555555
6409,0.8805555555555555
6410,0.2638888888888889
6411,0.45555555555555555
6412,0.9166666666666666
6413,0.28888888888888886
6414,0.4305555555555556
6415,0
6416,0.25277777777777777
6417,0.45555555555555555
6418,0.28888888888888886
6419,0.33611111111111114
6421,0.28888888888888886
6422,0.37222222222222223
6423,0.28888888888888886
6424,0.9166666666666666
6425,0.2638888888888889
6426,0.36944444444444446
6427,0.2861111111111111
6428,0.25277777777777777
6429,0.28888888888888886
6430,1
6431,0.37222222222222223
6432,0.11944444444444445
6433,0.3472222222222222
6434,0.28888888888888886
6435,0.20277777777777778
6436,0.20277777777777778
6437,0.4451219512195122
6438,0.39444444444444443
6439,0.5138888888888888
6445,0.25277777777777777
6453,0.2611111111111111
6454,0.675
6455,0.11944444444444445
6456,0.9166666666666666
6465,0
6466,0.058333333333333334
6467,0.058333333333333334
6468,0
6470,0.058333333333333334
6471,0
6474,0
6475,0.058333333333333334
6482,0
6483,0
6484,0
6485,0
6486,0.058333333333333334
6487,0
6488,0.058333333333333334
6489,0.058333333333333334
6490,0
6491,0
6492,0
6493,0
6495,0
6496,0
6522,0
6523,1
6524,0
6525,0.45555555555555555
6532,0
6533,0
6536,0
6541,0.17777777777777778
6542,0
6543,0.11388888888888889
6544,0
6545,0
6548,0
6559,0
6573,0
6575,0
6585,0.7472222222222222
6586,0.4861111111111111
6587,0.37222222222222223
6588,0.20555555555555555
6589,0.2861111111111111
6590,0.20277777777777778
6591,0.3472222222222222
6592,1
6603,0.25277777777777777
6604,0.22777777777777777
6605,0
6606,0.11944444444444445
6608,0
6609,0.9138888888888889
6610,0.16666666666666666
6611,0
6612,0.08611111111111111
6613,0.03611111111111111
6614,0.12222222222222222
6615,0.08333333333333333
6616,0.28888888888888886
6617,0
6618,0.03611111111111111
6619,0
6620,0.20555555555555555
6621,0.17777777777777778
6623,0.20833333333333334
6625,0
6626,0.08333333333333333
6627,0
6629,0.225
6630,0.12222222222222222
6631,0
6632,0
6633,0.16666666666666666
6634,0.17777777777777778
6635,0.7944444444444444
6638,0.4451219512195122
6639,0.16666666666666666
6640,0.45555555555555555
6641,0.058333333333333334
6642,0.25277777777777777
6643,0.03611111111111111
6644,0.03611111111111111
6645,0.20277777777777778
6646,0.17777777777777778
6648,0.34444444444444444
6649,0.45555555555555555
6650,0.8305555555555556
6651,1
6652,0.08333333333333333
6655,0.08333333333333333
6656,0.16666666666666666
6657,0.16944444444444445
6658,0
6660,0.03611111111111111
6664,0.6361111111111111
6665,1
6666,0.20277777777777778
6667,0.9138888888888889
6668,0
6669,1
6670,0.9638888888888889
6671,0
6672,0.20277777777777778
6673,1
6676,0.7111111111111111
6677,0.7111111111111111
6678,0.7138888888888889
6679,0.6277777777777778
6680,0.8805555555555555
6695,0
6699,0.16666666666666666
6700,0.20277777777777778
6701,0
6702,0.12222222222222222
6703,0.2611111111111111
6705,0.16666666666666666
6706,0.03611111111111111
6707,0
6708,0.2861111111111111
6709,0.37222222222222223
6710,0.6333333333333333
6717,0.11944444444444445
6718,1
6719,1
6720,0.058333333333333334
6722,0.45555555555555555
6723,0.3638888888888889
6744,0.12222222222222222
6745,0.5805555555555556
6746,0.3111111111111111
6747,0.8583333333333333
6749,0
6751,0.09444444444444444
6753,0.25277777777777777
6754,0.33611111111111114
6755,0.03611111111111111
6820,0.6527777777777778
6821,0.37222222222222223
6822,1
6823,0.37222222222222223
6824,1
6825,0.25277777777777777
6826,0.9416666666666667
6828,0.8305555555555556
6829,0.6583333333333333
6830,0.5694444444444444
6831,1
6833,0.37222222222222223
6834,0.43333333333333335
6835,0.45555555555555555
6836,0
6837,0.4777777777777778
6838,0.37222222222222223
6839,0.37222222222222223
6840,0.28888888888888886
6841,0.3111111111111111
6842,0.28888888888888886
6843,0.28888888888888886
6844,0.28888888888888886
6845,0.2638888888888889
6846,0.20277777777777778
6847,0.20277777777777778
6848,0.20277777777777778
6849,0.03611111111111111
6850,0.11944444444444445
6854,0.20555555555555555
6855,0.12222222222222222
6856,0.11944444444444445
6859,0.28888888888888886
6860,0.28888888888888886
6861,0.20277777777777778
6862,0.08333333333333333
6865,0.08333333333333333
6866,0.16666666666666666
6867,0.2861111111111111
6868,1
6869,0.6638888888888889
6870,0.20277777777777778
6871,0.11944444444444445
6872,0.20277777777777778
6873,0.8305555555555556
6874,0.11944444444444445
6875,0.11944444444444445
6876,0.45555555555555555
6877,0.37222222222222223
6878,0.41944444444444445
6879,0.4777777777777778
6882,0.4583333333333333
6883,0.28888888888888886
6884,0.45555555555555555
6885,0.8583333333333333
6886,0.25277777777777777
6887,0.9138888888888889
6888,0.28888888888888886
6889,0.37222222222222223
6890,1
6891,0.37222222222222223
6892,0.37222222222222223
6893,0.37222222222222223
6894,0.11944444444444445
6895,0.11944444444444445
6896,0.23333333333333334
6897,0.23333333333333334
6898,0.11944444444444445
6899,0.03611111111111111
6900,0.08333333333333333
6901,0
6902,0.03611111111111111
6903,0
6904,0.11944444444444445
6905,0
6906,0
6907,0
6908,0
6909,0
6910,0.20277777777777778
6919,0.4861111111111111
6920,0.34444444444444444
6921,0.42777777777777776
6922,0.5138888888888888
6923,0.5166666666666667
7049,0.11944444444444445
7052,0
7057,1
7060,0.058333333333333334
7062,0.03611111111111111